<?xml version="1.0"?>

<document>
  <properties>
    <author email="belaran@gmail.com">Romain PELISSE</author>
    <title>Continuous Integrations plugins</title>
  </properties>

  <body>
  	<section name="Introduction">
  		<p>PMD can be integrate through some of the Continuous Integration tools that exist now. Here is a list of known (to us) plugin to do so.</p>
  	</section>
    <section name="Hudson Plugin">
    	<p>Hafner Ullrich has developed a <a href="http://hudson.gotdns.com/wiki/display/HUDSON/PMD+Plugin">PMD plugin</a> for Hudson. Please check the plugin homepage for more info.</p>
   	</section>
    <section name="Continuum">
    	<p>Continous does not have a plugin for PMD per see, but can failed the build according to the result of the PMD maven plugin.</p>
   	</section>

   	<!-- TODO: Find out about other plugins ? -->

 </body>
</document>
