<?xml version="1.0"?>
<document>
	<properties>
		<author email="belaran@gmail.com">Romain PELISSE</author>
		<title>How to add a new language to CPD</title>
	</properties>

	<body>
		<section name="How to add a new language to CPD">
			<p>
				If you wish CPD to parse a unsupported language, you can easily develop a new parser
				for CPD. All you need to is implements the following interface:
				<ol>
					<li>net.sourceforge.pmd.cpd.Language</li>
					<li>net.sourceforge.pmd.cpd.Tokenizer</li>
				</ol>
				Do not forget to the follow the proper naming convention, as the CPD parser factory
				use this convention:
				<ul>
				  <li>Language Name + "Language"</li>
				  <li>Tokenizer Name + "Tokenizer"</li>
				</ul>
				For instance, if you develop a python parser, you should have two classes named PythonLanguage
				and PythonTokenizer.
			</p>
			<p>
				To test your parser, just package it in a jar and add your jar to the classpath.
			</p>
		</section>
	</body>
</document>
