<?xml version="1.0"?>

<document>
  <properties>
    <author email="tom@infoether.org">Tom Copeland</author>
    <title>Products/books related to PMD</title>
  </properties>

  <body>
      <section name="Products/books related to PMD">
      <subsection name="Open source products">
          <ul>
              <br/>
              <li><a href="http://jbrugge.com/glean/index.html">Glean</a> - Aggregates PMD + numerous other source code feedback tools</li>
              <br/>
              <li><a href="http://qalab.sf.net">QALab</a> - Aggregates PMD + Checkstyle + FindBugs and tracks problems over time</li>
              <br/>
              <li><a href="http://xradar.sf.net">XRadar</a> - Using PMD, CPD, and lots of other projects to give measurements on standard software metrics such as package metrics and dependencies, code size and complexity, code duplications, coding violations and code-style violations.</li>
          </ul>
      </subsection>
      <subsection name="Commercial products">
          <ul>
              <br/>
              <li><a href="http://www.vanwardtechnologies.com/products.php">Vanward Technology's Convergence [link broken]</a> -  a quality management dashboard for the Java platform.  Thanks to Vanward Technologies for their support of PMD by buying copies of <a href="http://pmdapplied.com/">PMD Applied</a>!</li>
              <br/>
              <li><a href="http://javacentral.compuware.com/products/optimaladvisor/">Compuware's OptimalAdvisor [link broken]</a> <a href="http://www.componentsource.com/beasv/products/compuware-optimaladvisor/index.html">OptimalAdvisor from ComponentSource</a> -  static code analysis and refactoring tool</li>
          </ul>
      </subsection>
      <subsection name="Books that mention PMD">
          <ul>
              <br/>
          <li><a href="http://pmdapplied.com">PMD Applied</a> - the official manual; get an extra copy for the home!  Or office!  Whatever!</li>
              <br/>
          <li><a href="http://www.oreilly.com/catalog/9780596510237">Checking Java Programs</a> - by Ian Darwin; also discusses FindBugs.</li>
              <br/>
          <li><a href="http://www.amazon.com/gp/product/0321286081">Sustainable Software Development: An Agile Perspective</a> - by Kevin Tate, discusses both PMD and CPD</li>
              <br/>
          <li><a href="http://www.amazon.com/gp/product/0321375777">High-Assurance Design: Architecting Secure and Reliable Enterprise Applications</a> - by Cliff Berg, mentions PMD in a discussion of static analysis utilities</li>
              <br/>
          <li><a href="http://www.amazon.com/gp/product/0321288157">Eclipse Distilled</a> - by David Carlson, discusses the PMD plugin</li>
              <br/>
          <li><a href="http://www.oreilly.com/catalog/9780596007508">Maven: A Developer's Notebook</a>, co-authored by Vincent Massol, who's done a bunch of work on PMD.  Thanks Vincent!</li>
              <br/>
          <li><a href="http://www.amazon.com/gp/product/0596007949">Network Security Tools</a>, chapter 6 discusses using PMD to catch web app security problems.  Thanks to Joseph Hemler for the props!</li>
              <br/>
          <li><a href="http://www.amazon.com/gp/product/0672325624">Extreme Programming With Ant</a></li>
          </ul>
      </subsection>
      <subsection name="Articles">
          <ul>
              <br/>
          <li><a href="http://www.unixgarden.com/index.php/gnu-linux-magazine/verifier-votre-code-java-avec-pmd">An introduction to PMD (in French)</a></li>
          </ul>
      </subsection>
      </section>
  </body>
</document>

